Category: All categories,"neutrogena retinol: (12/7/22 - 12/7/23, United States)"
retinol cream,100
neutrogena retinol cream,100
neutrogena serum,54
retinol serum,54
neutrogena wrinkle repair,53
neutrogena rapid wrinkle repair,50
neutrogena rapid wrinkle repair retinol,50
neutrogena retinol moisturizer,36
neutrogena moisturizer,35
best retinol,29
retinol eye cream,26
neutrogena retinol pro,26
neutrogena eye cream retinol,26
neutrogena vitamin c,21
neutrogena retinol vitamin c,21
retinol vitamin c,21
retinol night cream,20
hydro boost neutrogena,20
cerave,19
neutrogena retinol night cream,19
neutrogena night cream,18
cerave retinol,18
retinol oil neutrogena,17
olay retinol,16
hyaluronic acid,15
,
RISING,
jenna ortega,Breakout
roc retinol capsules,250%
neutrogena retinol commercial,200%
adapalene,80%
neutrogena stubborn texture,70%
niacinamide serum,70%
neutrogena retinol regenerating cream reviews,70%
neutrogena hydro boost water gel,60%
neutrogena skin perfecting daily liquid exfoliant,40%